table	1829
provide	9247
summary	200
case	27382
derive	1376
forecast	4835
give	3000
report	3063
brief	198
description	259
major	3446
assumption	2759
underlie	433
projection	8252
mode	2014
run	2458
nem	731
fully	968
integrate	3597
par	124
tially	55
integrated	244
standalone	45
reference	12763
page	443
body	307
discuss	2967
domestic	3104
macroeconomic	629
activity	2178
present	8707
market	11546
trend	2532
section	1168
following	42
describe	1797
key	3198
regulatory	1372
pro	2437
resource	6692
factor	6171
detailed	1393
sector	9144
available	3313
internet	50
web	1741
site	3823
result	23717
regional	2525
detail	886
world	10332
oil	14423
price	20270
assume	4581
annual	5102
average	8179
acquisition	167
cost	20463
import	5141
crude_oil	2531
u.s	6369
refiner	328
low	19015
high	25175
reflect	2029
alternative	3780
expansion	2223
production_capacity	269
nation	1802
organization	583
petroleum	2704
export	3847
country	9667
opec	2409
particularly	1810
producer	1954
persian	260
gulf	645
region	8832
competition	1141
united_states	3372
examine	3360
national	3844
level	10971
useful	982
coal	17927
natural_gas	15334
well	2871
significant	5756
amount	813
fire	4344
capacity	11626
subregion	22
serc	21
reliability	1094
corporation	207
emm	26
ratio	3539
fuel	18751
ngcc	24
plant	7472
steam	2149
turbine	2815
gas	12792
figure	5466
efficient	3564
fleet	661
remain	3934
near	1530
competitive	1628
majority	540
period	6963
indicate	4349
continue	3735
strong	2233
heat	11812
rate	9293
largely	1044
drop	1081
deliver	1952
somewhat	268
central	1774
appalachian	90
illinois	52
basin	417
transport	2383
rail	545
southeast	191
powder	77
river_basin	81
travel	1342
great	3383
distance	676
use	15088
typically	602
coast	405
tend	758
expensive	701
retirement	496
generator	1987
total	11904
gigawatt	1743
new	12389
requirement	2398
install	85
environmental	4287
control	5908
equipment	2167
exist	4826
lead	5274
additional	2854
share	5704
percent	21374
rise	3280
account	5838
large	9686
generating	1357
power_plant	4058
vary	2185
shift	1833
generation	14258
electric	5130
power	19599
grow	6250
compare	8524
conversely	44
midwest	69
western	860
portion	618
cover	1209
ohio	26
indiana	23
west	807
virginia	39
state	7330
combine	3714
cycle	5706
approach	6277
heavily	481
dependent	899
fall	1980
nearly	1346
represent	2787
limited	1418
occur	1860
access	1498
multiple	1390
source	6916
include	11110
transportation	4803
deter	49
favor	340
interior	104
ability	1027
switch	680
moderate	612
expenditure	607
reduce	11345
economic	7053
incentive	1979
build	3802
increase	28510
relative	2324
make	1783
different	10016
contribute	2251
limit	3050
impact	7802
see	833
power_sector	1424
decline	5687
replace	1158
biomass	4089
co	3636
economical	547
unit	4657
operate	2767
regulation	2549
encourage	1034
refinery	793
industry	5108
deregulation	281
inefficient	318
demand	13981
growth	9934
response	2597
late	712
eliminate	427
excess	664
utilization	1631
location	1401
production	15388
petroleum_product	475
consumer	3266
complex	1142
exceed	1102
domestic_production	263
long	5358
net	3402
importer	193
year	14997
refined	131
product	2824
rapidly	1110
refining	345
fill	374
gap	963
historically	195
availability	1441
lack	1289
foreign	663
capable	516
meet	3669
stringent	408
standard	5016
recently	1122
asia	2572
move	689
adopt	1773
develop	9185
able	1525
vide	105
suitable	1172
future	6420
profitable	302
change	8714
direct	2185
refer	880
ence	574
sulfur	1508
light	1818
dollar	1045
reach	2687
barrel	4497
begin	2052
slow	2494
gasoline	2981
gallon	969
accordingly	308
retail_price	71
comparison	2569
diesel_fuel	713
recent	2885
federal	1534
enact	368
consistent	698
taxis	711
slightly	1334
real	3296
term	8288
substantially	827
highway	387
diesel	2395
cent	1782
retail	638
consumption	11425
project	16815
record	498
date	851
domestic_consumption	118
drive	2671
generally	1346
wellhead	295
significantly	3017
economic_growth	3879
similar	1949
recover	830
output	4641
effect	9945
reduction	8031
input	2360
absorb	253
eventually	109
crude	214
pace	356
expand	1787
supply	7318
step	1437
generate	3330
doe	633
goal	2057
like	979
renewable	6337
improve	6229
performance	10938
capital	2202
station	890
nonhydroelectric	141
technology	13496
renewable_resources	161
landfill	116
order	4626
approximate	32
publish	610
target	3888
office	792
energy	40049
effi	245
ciency	155
renewable_energy	5056
difference	2935
instead	726
incorporate	1440
opera	69
tion	3206
maintenance	608
improvement	3940
capac	235
ity	666
wind	6761
residential	3456
commercial	3649
photovoltaic	2216
system	27721
place	1516
development	7340
geo	58
thermal	7451
require	5740
incremental	468
viable	577
addition	4767
geothermal	827
raise	919
megawatt	1823
retain	67
unchanged	142
ref	201
erence	184
recov	22
ery	29
byproduct	69
industrial	3941
process	9017
rapid	1819
ethanol	2839
cellulosic	173
capture	2303
transporta	144
capi	28
tal	94
operation	5380
solar	6524
con	1642
gas_supply	174
technically	356
recoverable	401
base	16087
estimate	6667
geological_survey	64
usg	129
mineral	277
manage	651
ment	1121
service	2997
mms	46
department	579
supplemental	38
adjustment	545
nonconventional	71
advanced	1539
international	2742
independent	724
firm	1044
technological	1079
affect	3540
recovery	1522
productivity	1342
simulate	1561
drilling	484
success	583
find	6228
effective	3142
assumed	168
horizontal	410
completion	374
technique	1865
conventional	3504
drill	172
operating	2399
lease	319
equipment_cost	102
expect	8683
exclusively	49
technological_progress	152
category	716
range	4746
roughly	292
work	4413
associate	2334
depth	538
rig	59
avail	86
current	6010
create	1462
assess	2692
sensitivity	1315
jection	179
progress	676
parameter	4256
adjust	725
plus	414
minus	25
unconventional	568
number	3847
exploration	684
technolo	108
gy	140
canadian	351
tech	264
nology	88
penetration	1496
potential	8545
model	22039
keep	414
value	5309
ter	75
module	2429
liquefy	417
trade	2795
mexico	1459
specific	2946
assump	103
outlook	1951
liquid	5168
evolve	333
mix	2155
feedstock	1422
policy	11263
international_market	142
lfmm	62
intent	51
design	7761
data	695
modeling	1420
type	3839
configuration	1663
traditional	1350
padd	95
maritime	30
canada	1920
caribbean	53
condition	6300
implementation	2006
new_technology	385
nonpetroleum	77
pyrolysis	726
rfs	205
mandate	703
allow	3357
analysis	10155
add	2028
help	1790
extensive	531
representation	429
uncertain	646
uncertainty	3229
analyze	3730
accommodate	90
pmm	79
test	4237
produce	5355
version	295
highlight	1118
area	3929
explore	1755
basis	1859
eia	1185
ensure	1112
directly	915
attributable	153
alaska	466
gas_pipeline	97
restricted	50
produc	495
sup	218
ply	171
offset	1262
lower	1013
duction	431
cubic	3409
foot	3572
offshore	1323
sensitive	521
example	1884
opportunity	1286
economically	907
unconven	26
tional	438
onshore	581
especially	1939
deep	667
water	6173
time	9511
necessary	1223
bring	1007
small	4105
differ	743
ent	56
absence	395
overall	3183
sec	244
tor	345
growth_rate	1410
past	1708
dri	358
wefa	251
light-duty_vehicle	482
efficiency	11256
jet	567
air	5530
anticipate	529
duty	878
appliance	1175
manufacturer	580
highly	1286
housing	573
fund	649
ccap	94
program	3923
sponsor	54
carbon	8823
emission	23820
approximately	1593
metric	1846
ton	4314
primarily	1440
save	1360
sumption	632
survey	1395
recs	33
characteristic	3262
energy_use	4348
vision	44
personal_computer	39
outside	600
device	1370
decrease	4039
sion	670
building	7115
shell	849
purchase	1302
fix	1047
menu	71
particular	1768
regardless	106
ciencie	35
high_technology	375
early	1990
minimum	1110
epact	88
legislation	883
representative	574
air_conditioning	366
heat_pump	1298
sea	237
energy_efficiency	4299
rating	243
january	1138
force	1370
furnace	334
fluorescent	40
lamp	66
watt	252
lighting	665
efficacy	32
november	666
ing	1333
construction	2462
heating	4134
cooling	815
space	1565
respectively	3595
recognize	342
epa	760
green	1257
star	78
insulation	464
method	8054
facilitate	868
participant	464
information	3360
behavior	1810
discount	75
retrofit	777
decision	2901
segment	375
gram	194
end	4258
discount_rate	206
nologie	98
treasury	35
bond	36
executive	97
definition	462
datum	7884
energy_consumption	7417
cbecs	49
parking	21
manufacturing	976
supplier	859
phase	3657
allowance	708
relatively	2610
inexpensive	47
buy	128
later	552
electricity	23342
hg	64
emis	405
dominant	514
compliance	783
option	2861
emission_allowance	71
cap	1088
tighten	101
bill	672
pur	90
chase	66
permit	654
equivalent	1364
need	5180
natu	272
ral	277
associated	366
economy	4831
i.e.	1686
play	1827
role	2882
appear	969
slight	127
important	4580
user	1404
btu	3469
senator	23
request	124
consider	6510
technol	154
ogy	112
electricity_generator	175
start	1518
specify	426
imple	28
ii	892
congress	181
propose	9672
debate	528
variety	590
address	2301
pollution_control	29
electric_power_plant	98
pass	639
law	1159
addi	213
currently	2482
prepare	561
regula	90
clean	1520
interstate	119
rule	1453
pcair	36
mercury	425
take	2581
legislative	134
action	1210
facture	21
agriculture	334
census	157
bureau	108
set	3631
coke	468
boiler	1086
fur	80
electric_motor	49
criterion	1074
air_pollutant	247
motor	664
horsepower	63
stock	1133
food	420
bulk	477
chemical	1730
metal	842
durable	44
balance	1434
premium	259
instal	1672
depend	2226
modify	846
explicit	204
repair	82
update	600
database	391
chp	1277
practice	1066
industrial_sector	1746
separate	643
evaluate	3819
natural	1323
technical	1867
renew	273
focus	3338
gen	279
eration	160
choice	1429
expectation	630
aggregate	807
intensity	4050
composition	946
primary	2370
annually	638
hold	820
constant	1275
inten	80
sity	70
consequently	707
feedback	527
interaction	1142
energy_market	853
third	199
subject	952
corporate	157
cafe	386
mile	1085
tinue	116
widely	943
gal	39
lon	33
automobile	156
light_truck	235
projec	284
promulgate	78
april	498
legisla	29
aeo	272
operator	836
government	4305
e.g.	988
utili	30
provider	68
fraction	904
alterna	35
tive	275
vehicle	5718
feed	1407
eral	124
municipal	198
private	792
business	1247
scale	4383
average_price	103
path	857
despite	1436
investment	4983
rich	568
political	1257
influence	3508
volatility	597
historical	1043
show	6600
substantial	1413
variability	577
un	47
certainty	39
illustrate	978
prospect	701
wide	1732
bind	249
possible	2477
outcome	762
non	7502
maximum	2375
price_level	49
variation	1983
day	5291
cur	188
rent	251
gross	463
reliance	456
profit	693
de	631
mand	52
come	1698
alaskan	118
tribution	21
sand	270
port	603
heavy	970
few	112
developing_countries	1545
mean	2549
likely	1799
volume	1948
coal_industry	149
east	657
mississippi	59
river	515
mainly	1478
pressure	3710
mine	377
labor	870
surface	1889
advantage	1531
economies_of_scale	22
com	891
bin	88
underground	83
northern	401
appalachia	55
rocky	84
mountain	39
increasingly	965
equip	436
miner	62
maintain	1413
gain	1849
achieve	5267
improved	565
marginal	958
reserve	2722
restriction	463
benefit	3812
mining	673
loss	2659
productive	60
minemouth	214
coal_mining	183
away	385
baseload	108
construc	107
productiv	27
price_increase	270
little	1066
ghg	2501
ldvs	221
final	1186
rulemaking	42
subsequent	366
post	669
ldv	251
mpg	241
passenger	862
car	1581
truck	766
attribute	858
footprint	207
credit	1295
alternative_technology	30
apply	4243
notice	35
employ	1880
structure	2827
continuation	36
banking	39
city	2006
minimize	1031
local	2582
constraint	1557
levelize	299
variable	2615
conven	84
advanced_technology	194
initial	1153
upward	137
optimism	86
function	1902
fossil	1154
century	363
kilowatthour	1395
unlikely	131
nuclear	5982
crease	134
old	592
retire	439
percentage	1024
er	216
fairly	175
california	1223
greenhouse_gas	2639
cross	870
cut	579
implication	1555
size	2542
medium-	70
issue	3734
midterm	22
gdp	2845
corresponding	256
giga	38
exclude	410
cogenerator	48
eco	625
nomic	342
age	817
consist	1201
stimulate	448
construction_costs	116
typical	1072
kilowatt	229
difficulty	481
obtain	3853
oil-	35
select	1555
determine	3506
fossil_fuel	2531
and/or	631
coal_gasification	44
combined	452
combustion	4631
accelerated	51
research_and_development	238
flat	609
jecte	574
facility	2253
square	472
floorspace	197
ventilation	546
refrigeration	487
cooking	355
cool	3428
benchmark	447
brent	152
pay	1147
sweet	41
wti	83
assessment	2391
view	1168
course	106
oecd_countries	1087
member	788
oil_production	1019
finding	1866
opec_countries	126
choose	905
schedule	989
stay	64
china	8891
middle_east	1006
displace	269
steadily	283
bituman	88
brazil	1666
exception	232
costly	337
tight	723
ccs	940
distillate	186
dramatically	246
constrain	430
genera	337
elec	548
tricity	459
compete	552
nat	152
ural	150
previously	493
modest	296
modification	362
guideline	392
free	910
emit	547
limitation	731
environment	2151
extremely	231
plan	3859
compute	416
pipeline	2210
lng	3067
quantity	814
conversion	1897
blending	149
curve	1200
transmission	1835
distribution	3416
inter	443
regasification	147
pricing	1182
track	483
flow	4711
network	3243
connect	909
capability	922
peak	2638
component	2570
pipe	676
line	1677
distributor	65
tariff	1354
algorithm	2117
petro	154
leum	140
alcohol	91
biodiesel	1657
administration	1463
defense	45
district	596
explicitly	274
automotive	283
biofuel	2433
blend	1189
ban	193
methyl	248
tertiary	47
butyl	38
ether	73
mtbe	359
arizona	54
colorado	52
connecticut	60
iowa	23
maine	61
minnesota	55
montana	40
hampshire	31
jersey	50
york	247
north	979
carolina	41
rhode	21
island	672
south	954
dakota	28
vermont	57
washington	729
wisconsin	26
furthermore	1558
oxygenate	104
reformulate	103
concern	2474
contamination	26
nationwide	58
content	1774
ppm	165
nonroad	42
locomotive	116
marine	291
reg	21
refin	27
financing	383
equity	270
debt	158
hurdle	28
markup	25
prod	47
uct	56
distribution_cost	45
commonly	470
corn	399
crop	459
material	3078
soybean	42
way	2097
ctl	334
gtl	351
statement	71
happen	105
methodology	2231
usual	339
know	875
demographic	300
neutral	262
initiative	752
advocate	32
main	3115
emerge	1085
define	1364
simplified	261
energy_production	616
ture	176
behavioral	180
indicative	50
tendency	184
event	609
shape	849
severe	424
weather	775
disruption	291
breakthrough	32
demo	22
graphic	47
degree	1032
endeavor	26
reliable	724
serve	879
adjunct	22
substitute	459
analytical	692
shale	774
deposit	395
land	1053
northwest	86
extend	1399
rock	33
considerably	530
concentration	1934
entire	680
ultimately	269
acre	34
life	2044
ber	180
context	1390
alberta	120
yield	2154
fischer	29
summarize	318
approxi	76
mate	213
extract	499
contain	1054
attractive	702
december	1154
potentially	661
situ	286
effort	1713
consume	1838
waste	1894
spend	327
shale_gas	928
interest	1329
proposal	591
aim	3067
freight	679
mil	312
lion	632
trans	76
portation	144
follow	2673
poten	47
tial	131
sale	1742
hdngv	27
believe	236
rela	122
tively	153
infrastructure	2213
cng	150
own	615
refueling	85
distribute	1780
enter	367
nationally	22
acceptance	584
ere	62
register	120
ex	306
pecte	28
higher	121
delivered_price	106
dustrial	24
di	115
personal	521
income	1919
proportion	474
contrast	1014
ship	408
conservation	469
substitution	492
nuclear_plant	326
license	309
horizon	587
triple	142
renewable_energy_source	1262
penetrate	47
slowly	399
hydropower	748
cline	31
bar	208
complete	1359
prove	1173
fore	233
cast	217
intensively	22
one	433
cation	50
half	1157
division	132
gener	171
ation	118
carbon_dioxide	2838
capita	1351
mitigation	1118
adoption	1319
voluntary	361
population	1453
indus	288
trial	167
inflation	203
interest_rate	212
computer	341
office_equipment	73
intensive	1688
partially	411
aircraft	186
bon	147
dioxide	394
manufacture	446
measure	4619
turnover	56
movement	341
cargo	73
narrow	78
vari	28
cost_of_capital	101
enforce	42
load	5434
submodule	77
planning	1783
dispatching	21
finance	445
nonutility	33
dispatch	696
specifically	708
identify	3303
protection	243
agency	722
repre	78
sente	53
fine	44
particulate	448
sev	51
northeast	156
ance	137
announce	743
rfm	36
natural_resources	91
grid	4194
wood	809
energy_crop	34
wind_energy	1180
hydroelectricity	286
tax_credit	816
energy_policy	1627
act	1459
solar_energy	919
expiration	87
framework	3104
shore	89
coalbed	26
permeability	261
formation	1351
sandstone	33
cash_flow	41
profitability	456
liquefaction	443
establish	2082
closed	223
loop	734
close	1094
bio	864
mass	1750
applicable	369
qualifying	35
originally	116
expire	222
index	1515
rently	100
august	568
house	965
america	285
h.r	60
ptc	346
eligibility	27
open	1214
agricultural	493
residue	488
erate	45
pende	113
provision	1067
extension	638
dedicated	80
expan	48
eva	373
icf	151
ihsgi	392
inforum	201
iea	754
exxonmobil	151
instance	367
intake	284
residual	417
tax	1095
energy_demand	2509
actually	251
offer	1684
pessimistic	52
versus	289
continued	176
gradually	484
notably	112
equal	547
coking_coal	412
initially	371
imply	713
calculate	1853
sum	117
double	1211
bbl	111
dry	999
revise	208
ngpl	118
county	198
ultimate	97
marcellus	56
divide	393
tier	140
geologic	66
list	101
discover	95
field	2529
ethane	63
propane	106
butane	26
leave	305
stream	643
advance	867
sys	64
tem	72
hour	862
magnitude	487
face	1374
esti	154
escalate	50
pattern	1684
specified	22
correspond	969
coal_mine	144
short	2752
worker	60
wage	72
steelmaking	113
eaf	26
fast	1803
bof	29
extensively	43
continuous	644
hot	1146
spread	295
outweigh	22
switching	281
link	1067
july	767
dc	1190
march	755
laboratory	485
october	926
commodity	301
iron	464
steel	926
calculation	934
september	933
association	209
document	310
institute	154
statistic	240
june	731
cheap	324
february	653
support	4056
publication	93
energy_technology	389
s.	206
australia	1344
proxy	28
electricity_supply	626
hydroelectric	806
aggressive	105
sharp	83
gas-	21
environmental_regulations	119
selection	749
observe	1395
wyoming	68
southern	416
surcharge	21
appendix	329
d.	136
structural	927
remove	605
abundant	321
production_cost	500
responsive	27
pare	115
affected	30
tril	109
contract	1047
tie	222
put	24
finally	1905
promote	1843
turn	778
interna	150
terminal	534
synthetic	364
frame	391
competitiveness	462
clear	681
objective	2654
reform	1561
oil_reserves	125
deepwater	221
sus	22
taine	52
extent	1055
cie	57
pe	26
mam	28
driver	946
receive	987
relate	3490
indicator	1271
mechanism	2106
gross_domestic_product	277
disposable	103
shipment	408
employment	529
ihs	208
global	4210
insight	1123
construct	1243
accounting	295
american	432
classification	265
naic	27
offshore_oil	29
rel	179
respec	58
dif	57
vol	946
ume	54
cumulative	627
history	613
rest	432
position	613
consump	396
chemical_industry	113
slowdown	99
construction_industry	29
asphalt	58
respond	370
metallurgical	93
quarter	298
nonfuel	50
industrial_consumption	29
quadril	89
sharply	141
restructure	133
stabilize	316
kilo	48
watthour	38
wholesale	319
center	686
greatly	464
eligible	202
renewal	115
original	541
sectoral	408
tran	190
transpor	85
tation	115
household	3416
expected	76
panel	1251
intend	451
jected	157
nonfarm	67
compound	374
volatile	450
recession	309
fluctuate	174
possibility	792
reason	903
invest	756
signifi	103
cantly	27
baseline	797
starting	24
point	2728
foresee	51
public_policy	50
boom	67
spending	115
expendi	22
financial	1739
problem	3795
europe	2352
economic_activity	406
fiscal	138
risk	2311
shock	497
lation	80
govern	357
surplus	351
decade	1780
good	3103
go	452
distinct	254
display	228
aluminum	180
manufac	44
accelerate	505
weigh	24
industrial_production	65
consumer_demand	56
goods_and_services	71
nominal	358
texas	183
intermediate	375
mid	631
cushing	24
oklahoma	35
lev	72
el	145
supply_and_demand	445
margin	397
economic_cooperation	89
oecd	4619
scenario	5596
weak	402
negative	1254
restrict	339
energy_supply	880
contribution	1390
liquids	25
population_growth	291
mitigate	869
person	208
strict	56
extended	621
downturn	138
clothe	41
washer	42
essentially	116
portfolio	763
rps	703
resi	77
dential	73
home	1119
fac	30
warm	308
energy_saving	1580
customer	1391
replacement	479
specification	305
vintage	37
megawatthour	61
related	408
independence	73
security	1649
general	1672
introduction	681
electrical	1532
footage	21
enactment	72
round	269
itcs	43
pv	4366
ground	834
ther	70
mal	29
heater	572
sunset	373
optimistic	227
itc	176
mercial	103
ongoing	271
solid	1540
foster	245
miscellaneous	50
installation	1136
core	472
demonstrate	2946
sig	87
nificant	64
tric	118
arise	438
widespread	378
uted	24
utility	2524
revert	26
microturbine	38
micro	878
dg	349
fuel_cell	1931
explain	892
paper	14030
cement	419
glass	283
plastic	53
twice	146
modestly	73
use_of_energy	80
paper_industry	26
liq	70
uid	47
ngl	103
predominantly	70
subsector	53
downstream	302
experience	1408
secondary	482
blast_furnace	88
try	727
cal	112
shipping	109
manufactur	28
nonmanufacturing	45
raw_material	245
ily	21
medium	1285
sive	52
ble	73
nonmanufacture	28
depletion	266
hdvs	63
vmt	175
tractor	64
trailer	47
bus	783
pickup	62
van	74
temper	73
hdv	65
econ	105
omy	82
traffic	306
safety	691
nhtsa	129
environmental_protection	424
jointly	54
testing	399
licensed	68
unemployment	56
boost	453
driving	497
includ	83
dependence	654
hybrid	2656
engine	3932
idle	23
flex	40
ffvs	38
vehi	109
cle	115
sell	730
form	2137
earn	55
electric_vehicle	1449
store	743
plug	493
compress	41
vocational	37
weight	874
gvwr	36
pound	208
mental	95
coun	330
spur	154
application	4237
road	971
bil	134
active	877
dol	26
lar	64
petitive	32
combination	1497
nonhydropower	107
outpace	101
tax_incentive	92
restructuring	417
adequate	375
deplete	71
struction	157
dramatic	58
cause	2227
closely	311
align	21
ate	156
consideration	1078
subsidy	1707
satisfy	499
profile	1322
sequestration	39
alternatively	23
incur	227
ghgs	26
uncer	53
developer	277
inherent	304
progressively	23
saving	1809
reactor	1925
online	473
uneconomical	54
oyster	21
creek	21
discussion	748
favorable	416
qualify	126
rebound	518
rep	28
absolute	390
hydropow	306
firing	44
part	548
robust	912
map	416
encompass	33
pacific	305
eastern	710
spike	61
henry	114
hub	394
spot	459
difficult	783
beginning	106
north_america	494
far	950
push	108
true	83
price_rise	230
winter	537
previous	1184
strongly	714
eur	201
dampen	100
exam	26
ple	45
exporter	329
production_growth	131
reservoir	701
arctic	70
pri	120
convert	796
differential	336
virtually	167
varie	24
coalbe	179
methane	1678
realize	697
devel	178
opment	81
overseas	84
nonassociate	60
domestically	104
originate	84
speed	2080
convergence	310
dome	29
tic	78
ultra	280
motor_fuel	87
pool	431
individual	1646
revenue	1084
eat	21
well_drilling	38
bakken	27
eagle	30
ford	50
enhance	2014
-eor	26
anthropogenic	67
quality	1511
eor	95
pre	850
discovery	191
slope	165
convention	70
spring	55
locate	939
tivity	33
stage	2194
api	47
gravity	30
express	358
indi	47
duce	131
optimal	3792
newly	378
octane	73
gaso	92
equilibrium	745
implement	2470
lcfs	57
reduc	130
land_use	304
individually	21
accord	1587
purpose	1353
reverse	370
stan	138
dard	120
opposite	36
direction	696
mately	85
transition	1925
catalytic	522
market_prices	276
crack	25
environ	99
alter	291
die	48
sel	21
acid	729
downward	119
tap	93
bituminous	68
increase_in_production	72
similarly	158
penalty	437
fee	105
widen	23
flue	448
desulfurization	49
fgd	77
injection	1820
dsi	43
comply	198
toxic	69
mat	84
regulate	454
removal	635
nitrogen_oxide	233
cair	169
budget	317
summer	711
season	344
columbia	110
selective	38
scr	53
sncr	22
nuclear_fuel	60
introduce	2123
company	2248
edition	234
aver	179
bank	221
note	418
tropsch	29
btl	102
readily	27
exchange	724
commerce	66
finalize	148
overview	408
nal	66
research	3464
perform	2424
upgrade	513
enable	1307
today	580
idm	39
separately	220
coalfield	38
route	517
railroad	157
train	452
scrubber	95
temporary	63
ern	96
competitively	29
determinant	367
ap	22
electronic	329
est	86
ally	79
treatment	792
excise_tax	65
emergency	52
carb	98
regulated	54
party	416
certain	863
study	14344
analyst	183
planner	21
council	197
modular	58
price_of_energy	94
file	83
appropriate	1073
call	948
solution	3199
amendment	144
partial	537
consult	23
official	287
definitional	35
classify	250
exempt	33
residen	27
storage	4324
saturation	255
gradual	109
gii	290
energy_sector	642
levp	48
delay	880
massachusetts	56
court	132
amend	85
zev	109
charge	2552
battery	3863
compo	33
nent	33
zevs	54
board	371
prevent	510
organic	718
ac	314
commer	89
cial	122
mod	38
ule	30
en	115
ergy	61
clude	58
energy_conservation	725
stand	375
ard	26
curtail	53
exhaust	989
conditioner	240
refrigerator	250
room	479
resistance	891
stable	1023
fuel_oil	94
situation	769
surround	319
undertake	463
secretary	49
commission	544
npc	90
question	883
month	617
positive	1399
fact	719
regard	731
sufficient	742
effectiveness	1413
usage	706
petition	46
seam	23
suit	24
haul	26
suggest	3147
daily	959
conse	21
owner	513
taxable	26
burn	563
probably	66
article	1710
uprate	106
gw	295
lifetime	449
nrc	143
licensing	50
pump	878
hydro	945
biomass_fuel	42
kwh	801
geothermal_energy	53
claim	284
website	643
avoid	1078
worldwide	1529
mature	446
stationary	294
matter	519
ulsd	60
loan	306
guarantee	572
pacity	25
arra	59
wind_power	1995
demonstration	355
agree	463
climate	1994
challenge	2497
normal	436
aging	23
oper	74
evaluation	1465
erator	28
nuclear_energy	493
iii	428
overnight	41
perfor	23
mance	23
macro	204
forward	506
forecasting	955
ad	328
al	425
sign	353
tax_relief	22
job_creation	30
camr	61
pose	360
implementing_regulation	33
preliminary	312
cient	39
broad	591
extraction	600
dynamic	3055
critical	1384
code	609
unplanned	28
indefinitely	40
e&p	26
mar	250
ket	218
anwr	61
leasing	84
native	29
british	272
ser	88
vice	100
a.b	58
attempt	833
gov	127
particu	59
larly	53
lag	303
condensate	169
hydrogen	2357
hydrocarbon	617
naeca	24
climate_change	1630
signal	455
single	2085
sumer	81
steady	725
operable	23
operational	1537
approve	291
review	2248
bush	49
recommend	551
capital_expenditure	50
minor	265
contributor	293
ductivity	22
public	1644
preference	609
municipal_solid_waste	44
machine	511
powerful	24
lift	65
cogeneration	672
handling	58
sustain	445
condi	23
lose	313
poor	820
successful	621
manu	38
qua	97
drillion	96
cmm	52
differentiate	42
rank	339
expense	277
feasible	693
competi	80
england	91
atlantic	179
missouri	24
establishment	210
strand	107
regulator	396
dis	80
agreement	1233
management	2567
repowere	30
tree	188
participation	532
commitment	689
purchasing	23
induce	745
payment	350
learning	756
learn	561
marketing	60
interact	25
steo	40
reader	32
monthly	608
actual	1230
kyoto_protocol	636
flexibility	1350
protocol	223
annex	403
trading	1005
topic	306
oppose	87
argue	771
community	1366
strategy	5157
conference	86
recommendation	561
submit	116
oxide	767
prohibit	61
permanent	52
wildlife	29
refuge	26
heavy_oil	121
outer	32
continental_shelf	31
royalty	85
relief	61
sub	818
assistance	50
ferc	167
suspend	64
pollutant	677
decide	314
motor_vehicle	238
rfg	235
oxygen	1524
nonattainment	33
rely	874
sink	384
forest	453
nitrous	55
incorpo	41
seek	645
senate	150
effectively	839
sport	81
man	96
return	1098
reporting	25
release	1163
funding	358
family	326
generat	54
slate	69
hgl	47
lpg	262
naphtha	62
pulp	39
ammonia	350
methanol	800
considerable	964
prior	322
shallow	24
undiscovered	143
phaseout	139
numerous	371
hawaii	30
etc	399
join	64
blender	32
mum	25
relationship	1847
less	61
vendor	30
gasification	1110
mmbtu	24
weighted	23
ocs	110
undeveloped	21
oc	29
reactive	298
creased	25
accessible	51
futures_market	27
gri	119
group	1879
nt	60
facili	53
timing	588
failure	552
approval	156
waiver	53
hand	802
thou	22
waive	22
etha	30
nol	49
inc	233
kind	505
tain	67
ocean	64
vessel	87
petrochemical	128
basic	633
propylene	28
internal	1231
title	165
subtitle	32
taxpayer	23
series	1271
conduct	2318
relevant	886
university	285
air_pollution	397
vi	21
pollution	591
comment	30
public_law	64
georgia	77
research_institute	23
alto	41
japan	1849
san	65
valley	36
match	357
special	442
processing	560
innovation	1033
count	95
entirely	101
have	588
nevada	36
db	138
mackenzie	72
wm	23
inclusion	203
identical	42
machinery	38
ide	72
interval	433
iecc	26
feasibility	964
joint	311
international_energy_agency	352
pel	243
pira	199
span	227
exploratory	22
southwest	50
necessarily	205
comparable	461
assembly	97
physical	992
class	509
o&m	21
louisiana	45
maryland	67
lake	61
florida	32
examination	26
tory	61
revision	168
circuit	531
appeal	53
vacate	31
ruling	37
cite	69
hazardous	42
caa	27
health	695
authority	439
congressional	29
elimination	33
impose	510
monitoring	490
bp	191
consistently	86
respect	969
feature	1216
upper	347
regime	714
deal	797
delta	85
resolve	285
tween	22
expen	24
seer	101
altos	32
eea	32
allocate	362
procedure	839
transaction	255
right	289
cpp	421
mandatory	259
reﬂect	35
middle	333
mwh	221
csapr	51
coal-ﬁred	68
deadline	69
tcf	433
dissolve	27
quickly	156
remainder	211
signiﬁcant	32
ﬁrst	22
ﬁve	25
surpass	148
unproved	47
diminish	50
enhanced	375
constitute	321
world_market	351
speciﬁc	31
status	530
committee	78
modiﬁed	25
ﬁnal	24
public_utility	62
north_sea	172
gas-ﬁred	40
spot_market	80
collect	686
institutional	617
vast	106
principal	220
iraq	273
venezuela	301
depreciation	24
box	179
mega	146
coal-	51
disaggregate	21
ozone	151
opt	80
sacramento	44
regu	43
mountain_region	47
exemption	46
brp	31
tank	778
etbe	22
historic	24
reduced	48
proceed	86
mission	67
usually	521
couple	1197
pulp_and_paper_industry	28
dominate	621
deployment	1014
multi	2430
carry	1940
ventional	61
sugar	239
coastal	56
geographic	316
stakeholder	704
comprehensive	1188
president	139
nipa	29
grant	201
wholesale_market	26
power_industry	366
op	21
ee	719
ef	24
sure	71
handle	338
gate	26
operating_cost	29
syncrude	35
chain	475
sustained	89
look	620
unique	410
na	26
subbituminous	51
common	853
obligation	258
initiate	220
involve	1500
break	347
threshold	339
trigger	224
reasonable	407
oregon	31
temperature	9802
property	1850
willing	24
tent	34
auto	260
federal_government	29
omb	22
cbo	25
consensus	37
midwestern	29
investor	763
delivery	389
pilot	651
jurisdiction	21
hd	27
diesel_engine	534
stringency	24
delaware	37
qualified	67
hill	91
envi	65
sip	28
shrink	53
predict	1885
carbon_monoxide	206
seasonal	416
ballast	36
phevs	58
income_tax	30
provi	43
allowable	28
interim	21
newable	34
interregional	33
enforcement	45
draft	65
governor	45
bid	146
provement	32
auction	397
floor	266
rggi	80
atlantic_region	28
pennsylvania	69
participate	443
wci	30
designate	46
trust	189
throughput	26
authorize	94
cooperative	204
r&d	516
meter	406
sufficiently	45
flexible	808
balanced	30
ject	195
plain	23
ogie	28
appli	25
liability	28
inte	35
grated	23
consequence	624
containment	22
science	202
entity	133
responsible	433
valve	374
appropriation	45
moratoria	27
border	310
publicly	23
repeal	26
treat	421
cally	64
russia	1562
ceca	28
importance	1257
payback	433
nature	610
ly	23
plentiful	43
inventory	338
transmis	50
forestry	22
asset	435
ipaa	30
ab	32
interconnection	233
rulemake	22
tire	28
drag	26
pacific_region	53
iem	26
refine	34
phev	209
rebate	29
ash	496
allocation	738
aspect	1098
cylinder	811
extra	327
massachusett	34
cellulose	198
igcc	214
global_warming	427
exploit	424
concentrate	468
seat	24
viability	397
prescribe	38
new_energy	322
air_quality	355
transfer	3034
ice	350
characterize	876
damage	429
unlike	256
ngv	76
barrier	1104
cef	23
nuclear_technology	28
mobile	44
resolution	507
assist	498
pm	276
legal	288
wet	325
mact	52
hap	27
engineering	484
benzene	38
commit	140
climb	58
commercially	253
irac	22
mmbbl	263
afvs	23
scope	382
-equivalent	23
iv	236
combustion_engine	357
disposal	81
mw	384
negotiate	99
accident	209
confidence	62
trr	69
issuance	31
onsite	23
nrel	30
rural	877
ownership	511
infer	23
distillation	274
pzevs	22
economywide	44
fukushima	92
tva	22
rto	28
legislature	35
mt	53
aci	29
sos	29
eer	36
manager	186
private_sector	212
depict	26
chapter	169
fol	28
attention	1125
lend	21
sage	99
knowledge	896
ieo	322
f.	33
grouping	92
industrialize	164
popula	56
western_europe	556
austria	95
belgium	194
mark	47
finland	119
france	820
germany	1214
greece	333
iceland	43
ireland	288
italy	581
luxembourg	61
netherland	379
portugal	124
spain	637
sweden	486
switzerland	68
united_kingdom	464
aus	39
tralia	28
new_zealand	384
soviet_union	304
fsu	973
world_population	53
eastern_europe	341
albania	29
bosnia_and_herzegovina	25
bulgaria	107
croatia	42
czech	158
republic	222
hungary	115
poland	269
romania	92
slovakia	89
slovenia	74
armenia	35
azerbaijan	85
belarus	42
estonia	58
kazakhstan	156
kyrgyzstan	24
latvia	54
lithuania	82
moldova	25
tajikistan	29
turkmenistan	134
ukraine	305
uzbekistan	54
afghanistan	24
bangladesh	59
bhutan	31
brunei	30
cambodia	29
fiji	25
hong_kong	270
india	2854
indonesia	391
kiribati	21
laos	59
malaysia	467
maldive	23
myanmar	58
burma	30
nauru	22
nepal	39
nia	27
niue	22
north_korea	46
pakistan	104
papua_new_guinea	53
philippine	112
samoa	22
singapore	97
south_korea	798
sri_lanka	24
taiwan	416
thailand	201
vanuatu	22
vietnam	192
bahrain	38
cyprus	31
iran	730
israel	124
jordan	42
kuwait	110
lebanon	30
oman	122
qatar	306
saudi_arabia	266
syria	43
turkey	828
united_arab_emirates	120
yeman	46
algeria	225
angola	109
benin	30
botswana	48
burkina_faso	22
burundi	23
cameroon	34
cape_verde	21
chad	30
congo	68
brazzaville	24
kinshasa	29
djibouti	21
egypt	162
equatorial_guinea	39
eritrea	30
ethiopia	45
gabon	33
gambia	21
ghana	47
guinea	49
bissau	21
ivory_coast	32
kenya	54
lesotho	29
liberia	24
libya	104
madagascar	22
malawi	23
mali	30
mauritius	22
morocco	91
mozambique	100
namibia	31
niger	30
nigeria	224
rwanda	23
sao	33
tome	23
principe	23
senegal	32
sierra_leone	26
somalia	26
south_africa	401
st	89
sudan	41
swaziland	30
togo	28
tunisia	47
uganda	43
zimbabwe	37
south_america	673
argentina	351
bahama	26
belize	22
bolivia	99
chile	380
colombia	219
costa_rica	30
cuba	33
dominica	22
dominican_republic	28
ecuador	69
guatemala	31
guyana	26
haiti	21
hondura	22
jamaica	22
nicaragua	25
panama	30
paraguay	32
peru	112
puerto_rico	34
grenadine	21
trinidad_and_tobago	75
uruguay	58
kyoto	155
denmark	421
european_communities	41
norway	375
union	69
eu	1461
free_trade	23
member_country	140
rim	32
understand	1258
environmental_impact	907
react	176
pig	35
hard	58
hit	68
live	278
hospital	22
government_policy	114
increment	249
hydroelec	47
espe	21
cially	22
quota	35
hydroelectric_power	170
mid-	48
eurasia	429
radioactive_waste	32
proliferation	22
hinder	254
discourage	68
european_countries	337
ernment	68
german	489
italian	193
xvii	23
economic_recession	82
world_consumption	72
evident	22
world_economy	30
africa	764
iranian	53
hydraulic_fracturing	28
indigenous	67
john	35
j.	118
director	37
e.	71
linda	33
doman	33
michael	22
pdf	32
energy_statistics	28
telephone	25
people	777
mail	72
industrialized	393
industrialized_nation	85
latin_america	160
clearly	361
vehicle_fleet	26
sugar_cane	27
brazilian	392
crisis	287
adverse	254
controversial	29
severely	30
ope	64
self	962
modern	484
motorization	146
developed_nation	110
urbanization	335
guide	373
arrangement	373
petrobra	48
oil_company	88
liberalization	195
job	205
want	34
latin	104
p.	1780
asian_countries	77
dle	33
ized	58
actively	42
transformation	520
economic_development	505
industrialized_country	109
ada	32
industri	26
alized	23
mobility	246
modernize	30
established	41
leisure	37
profound	29
communication	300
airport	182
urban	1434
energy_needs	212
animal	28
translate	34
econo	78
mie	76
mixed	716
urban_area	274
accompany	254
mass_transit	54
wheel	192
prompt	30
correlate	304
orient	404
modernization	22
substan	39
mini	27
ger	55
hard_coal	157
lignite	431
tonnage	68
indication	42
european_union	686
stantial	26
struct	22
korea	306
underscore	24
ducer	64
chinese	1160
inner	294
mongolia	62
startup	39
feasibility_study	36
finan	26
indian	341
pursue	323
rus	48
sia	54
russian	421
lay	22
monopoly	36
ue	39
soon	50
outline	339
perspective	1253
montenegro	25
continent	65
eskom	80
restart	47
shortage	413
spare	37
southern_africa	35
tanzania	54
steel_industry	75
sasol	45
diverse	294
nonmetallic	26
technological_development	22
cutback	56
enterprise	396
trajectory	284
asian	356
economic_crisis	65
fail	352
pledge	62
european	1456
protect	23
atmosphere	427
compa	32
ny	45
enron	83
royal	28
dutch	193
acquire	70
noncommercial	30
environmental_policy	248
directive	454
european_commission	82
in_country	64
purchasing_power_parity	54
increas	21
stipulate	21
european_parliament	27
abatement	742
heavy_industry	42
strategic	559
ingly	21
arc_furnace	41
australian	324
economic_reform	33
massive	202
enjoy	38
easy	333
subsidize	31
poli	21
scrap	29
additionally	549
kiln	22
platform	310
certificate	395
soviet	106
era	42
contin	34
iron_ore	38
uae	72
block	347
ethylene	28
world_production	48
shortfall	24
possibly	30
sakhalin	22
accept	231
united	51
king	72
dom	36
electrification	589
ago	39
trialize	29
strength	308
economic_expansion	67
merger	103
panie	23
wire	44
solely	24
arena	24
privatization	143
direct_investment	41
private_investment	40
foreign_investment	160
bidding	27
surge	45
sizable	64
expedite	21
package	267
acid_rain	33
emitter	29
unclear	30
protest	37
opposition	206
diox	49
element	815
emphasis	299
meeting	40
paris	214
larg	28
reaction	1856
dam	373
press	71
north_africa	65
outage	211
geopolitical	47
burden	353
national_economy	30
production_potential	110
cancel	24
unable	42
emergence	24
development_plan	62
ease	57
involvement	23
orinoco	24
impediment	26
upstream	273
forecaster	30
platt	220
ltd	126
comprise	384
expecta	27
sep	46
parallel	490
terrorist	34
attack	51
resume	62
war	56
airline	65
worsen	26
preferred	29
austra	23
japanese	347
liberalize	29
collapse	91
neighboring	26
euro	130
pean	50
drought	91
sustainable	1492
omie	22
shutdown	55
stability	1235
korean	52
persistent	21
ration	39
shut	169
huge	252
african_countries	39
prospective	40
default	21
economic_recovery	108
emerging_economy	132
social	1474
african	139
aftermath	35
earthquake	42
tsunami	21
strike	55
northeastern	38
nuclear_reactor	101
daiichi	36
mmst	53
seaborne	41
ambitious	368
production_target	23
province	983
think	23
attract	440
shelf	39
remote	255
lie	228
conservative	23
promise	473
development_project	21
stake	47
consortium	89
united_nations	91
convention_on_climate_change	40
conjunction	21
unrest	36
argentine	45
iraqi	27
caspian	92
west_africa	81
ample	38
ary	40
gorge	84
award	82
bakun	42
venture	54
evidence	934
ontario	230
human	612
living	40
transitional	121
upheaval	24
mea	230
market_economy	178
strengthen	256
education	208
financial_market	21
trouble	26
consolidation	37
bad	270
diversification	219
membership	31
malta	24
bolster	29
exchange_rate	50
ppp	27
currency	63
concept	1522
pp	663
presentation	42
underestimate	26
internationally	39
signatory	34
head	23
worth	36
privatize	69
structural_reform	30
essential	722
monetary_policy	22
obstacle	257
infra	60
aid	294
mary	30
desire	391
interested	28
notable	27
ratify	87
rural_area	266
world_bank	201
diversify	97
nuclear_waste	50
power_reactor	72
geological	42
uranium	53
successfully	479
nuclear_weapon	21
international_atomic_energy_agency	26
amer	43
ica	39
m.	103
ness	29
kaya	57
identity	30
k.	68
weps+	116
ingm	25
international_trade	52
escalation	21
acknowledge	24
aggressively	37
threat	207
sanction	59
stimulus	68
pat	22
picture	30
hope	110
evolution	725
float	38
mauritania	27
expert	386
diversity	292
draw	691
creation	226
tract	39
oil_industry	24
newfoundland	31
tar	364
dur	23
underway	75
french	65
power_station	53
say	63
suc	22
turkish	34
negligible	229
means	22
swedish	288
vote	28
closure	106
partner	65
talk	42
nuclear_industry	21
threaten	39
bruce	54
a.	113
priority	507
big	348
edison	28
joint_venture	62
amergen	21
pany	34
struggle	27
partnership	31
chernobyl	36
predominant	38
financial_crisis	26
understanding	843
fourth	30
legally	26
mation	23
emission_trading	220
pulverize	27
abu	50
dhabi	50
circumstance	196
services_sector	48
secure	316
globe	31
international_monetary_fund	46
economic_prospects	30
www	270
external	924
pub	36
atmospheric	280
saudi	84
aramco	23
gas_field	66
persist	36
central_asia	34
giant	43
siberia	30
gazprom	119
yamal	28
peninsula	28
statoil	22
eni	27
indonesian	48
central_america	21
salt	651
rio	63
bottleneck	23
southeastern	21
bay	59
cone	23
announcement	27
ceiling	26
statistical	465
territory	41
cli	30
wep	34
macedonia	32
pop	41
zambia	26
el_salvador	24
mercosur	24
subscription	315
news	507
london	143
farm	1194
brussel	60
bloomberg	23
uk	1705
l.	54
spanish	258
intelligence	186
parliament	38
r.	72
jones	39
unveil	21
bbc	72
polish	40
street	53
tokyo	46
t.	74
i.	37
herald	25
programme	531
wall	1066
journal	189
mekong	25
emirate	21
minister	55
win	47
week	158
b.	77
reuter	83
chevron	21
dow	39
la	59
ministry	143
monitor	363
energy_research	39
centre	277
cedigaz	39
wash	53
ington	49
vene	24
tember	45
dabhol	53
et	519
quarterly	44
kogas	23
connection	447
sonatrach	27
energy_resources	519
sub-saharan_africa	27
coverage	192
engage	212
get	61
wave	534
sur	26
american_countries	22
weaken	30
exit	207
grade	345
fear	50
cern	22
institution	366
entry	32
subsidiary	28
annual_report	53
lessen	49
feel	22
suffer	283
setback	27
deficit	41
hamper	24
flood	33
prime_minister	39
task	369
halt	39
imf	28
decem	31
pdvsa	24
launch	83
declare	21
intention	214
zuela	22
negotiation	92
postpone	35
opening	29
ruble	28
treaty	64
evenly	23
back	23
cambridge	81
cera	31
ma	232
white	26
letter	27
posal	28
scheme	2039
ec	191
estab	24
lishe	30
toronto	21
mexican	86
subsequently	319
santiago	23
town	26
buyer	64
continental	26
player	207
world_trade	24
disaster	54
gorgon	26
bcf	59
globally	225
janu	21
son	39
road_transport	37
standard_of_living	68
poise	33
transit	72
resident	415
beijing	377
railway	171
commercial_vehicle	22
delhi	56
indo	21
tanker	23
g.	30
compensate	269
contractual	24
co.	29
shanghai	248
ronmental	25
provincial	344
nova	22
québec	50
churchill	24
quebec	46
tender	82
split	270
leader	39
planned	21
cease	21
pradesh	34
ahead	534
young	32
supplement	31
plete	40
bed	1131
stop	39
sche	28
uled	24
scrappage	21
planecon	36
lexington	196
aes	28
working	621
briefing	27
yearbook	28
c.	722
queensland	45
snl	46
w.	32
jakarta	24
eye	34
ssy	74
consultancy	35
weekly	67
argus	26
trader	30
ipp	32
ready	25
economist	48
energia	22
wale	37
richard	27
mechel	22
abandon	21
send	33
impor	24
tant	24
grande	24
sul	32
fiscal_year	25
blackout	33
undergo	203
pemex	96
cre	23
cash	21
book	21
conclude	1273
mer	25
wake	243
partly	183
steel_mill	30
central_government	38
charcoal	21
thai	48
spectrum	188
coking	30
host	191
flare	24
marily	31
brown	25
orissa	21
gujarat	21
cil	33
dispute	29
pol	25
moratorium	40
neta	30
novem	25
ukrainian	36
cfe	60
bypass	22
domestic_market	23
export_price	42
egyptian	22
octo	25
newswire	30
septem	28
congestion	266
factbook	27
washing	58
watch	31
bangkok	32
dubai	30
press_release	96
leaded	34
proximity	22
pa	38
reconstruction	24
golden	34
doubt	25
holder	24
overcome	600
instability	194
proved	111
ratification	37
inspection	21
concerned	22
tourism	30
devaluation	39
ask	22
cen	33
tral	26
restore	26
length	509
mex	22
ico	22
nam	26
pect	24
smith	27
pellet	540
accurate	861
school	31
hotel	24
unbundling	23
nord	25
reality	22
incumbent	21
power_production	294
deregulate	28
healthy	27
stem	23
reac	21
nucleonic	22
nucnet	37
anal	25
ysis	24
h.	44
ebrd	27
n.	32
revival	23
importing	21
eddystone	26
revive	22
inland	22
national_government	24
bridge	202
u.k	24
withdraw	21
blue	30
endesa	29
camisea	28
yangtze	30
timetable	21
pave	23
barsebäck	22
cms	24
mobil	25
forum	35
ize	21
pbmr	33
unfccc	47
freight_rate	30
rail_network	23
metro	29
road_network	23
cdm	553
tur	24
mmmt	26
mccloskey	40
cold	956
infrastruc	34
amoco	30
entergy	29
concession	21
rpm	22
runway	21
paved	28
nigerian	22
y.	21
kozloduy	27
guangdong	37
enel	22
nrcan	24
dbab	27
tangguh	21
alert	22
baja	26
news_agency	35
paso	25
petronet	21
cpe	34
overestimate	25
s&p	33
vapor	346
equation	825
mixture	1025
prediction	1522
pure	489
binary	162
experimental	3133
lca	355
theory	818
reactivity	302
compression	831
ignition	901
recirculation	263
egr	345
numerically	229
investigate	5136
soot	466
nox	601
greenhouse	324
knock	206
chamber	479
phenomenon	401
deposition	258
nitrogen	468
significance	239
instrument	807
soil	313
properly	206
efficiently	389
molecular	152
density	1668
optimization	3431
catalyst	1167
contact	309
literature	1617
duration	485
smart	1031
transparent	234
cell	1999
silicon	198
durability	192
vertical	409
window	493
verify	682
glazing	228
fabricate	230
compose	293
mm	434
foam	230
roof	437
meteorological	241
regression	793
latent	469
district_heating	623
locally	172
analyse	1791
hourly	729
absorption	987
dwelling	266
compact	212
extreme	309
guidance	169
linear	1014
channel	509
passive	333
patent	162
harvest	253
characterization	252
innovative	548
energetic	197
motivation	190
contrary	186
correlation	832
cluster	408
energy_conversion	348
transient	577
kw	310
campaign	152
generic	180
visual	165
landscape	191
respondent	270
socio	531
observation	281
attitude	415
making	578
conductivity	674
nanoparticle	301
enhancement	492
propagation	201
paraffin	226
geometry	368
diameter	428
conflict	307
approximation	151
pcm	1177
composite	726
pcms	323
dataset	410
alleviate	167
robustness	299
noise	237
confirm	634
experiment	1685
random	286
deploy	309
concentrated	281
policymaker	348
aggregation	168
error	1225
detection	220
thermochemical	286
systematic	383
measurement	1276
ideal	331
subsystem	190
measured	273
inlet	740
outlet	339
dr	442
promising	1029
answer	185
novel	2018
rooftop	167
hierarchical	165
computation	212
tilt	155
radiation	469
researcher	324
municipality	202
estimation	1231
receiver	465
tube	838
array	389
carrier	749
fluid	1666
pumping	215
optimize	1768
maximize	719
case_study	2017
optimum	894
sustainability	1057
envelope	384
neglect	214
sensible	200
calibrate	212
thermal_energy	1152
parametric	373
simulation	4026
tool	1604
zone	791
realistic	383
ecological	284
argument	219
possess	152
additive	219
sense	159
ignore	210
adsorption	606
fundamental	493
dope	158
excellent	314
homogeneous	226
electrochemical	403
reveal	1768
functional	243
owe	250
beneficial	372
superior	313
specie	391
utilize	1281
nonlinear	451
empirical	1238
crucial	657
achievement	208
proper	358
numerical	1626
comparative	204
condensation	231
hydrate	1029
heat_recovery	535
cascade	195
exergy	1172
boundary	543
discharge	875
algae	203
microalgae	279
cultivation	188
wastewater	367
lipid	245
strain	164
autoregressive	154
pathway	763
biorefinery	170
quantify	1114
npv	152
spark	389
si	304
hcci	232
stroke	161
hydraulic	294
calibration	170
brake	246
synergy	207
rankine	348
orc	523
optimisation	457
radial	207
cfd	463
adapt	373
thermodynamic	937
whilst	241
utilise	252
investigation	926
exchanger	1092
utilisation	198
usa	275
socioeconomic	172
insufficient	224
heterogeneous	245
empirically	154
theoretical	868
investment_cost	277
diffusion	872
statistically	263
char	595
activate	242
sample	1227
prototype	462
controller	568
inverter	169
solar_radiation	519
cop	433
kg	641
refrigerant	294
modelling	773
valuable	360
matlab	167
mechanical	623
validate	1379
methodological	190
virtual	261
energy_recovery	192
inside	448
compressor	492
layout	245
integration	1835
game	176
intervention	532
desirable	231
perception	450
qualitative	250
interview	425
maker	1117
perceive	406
nozzle	193
activation	209
parabolic	315
trough	248
solar_collector	334
chiller	474
tower	286
fan	198
coil	190
coefficient	1276
microgrid	850
author	488
accuracy	1165
idea	258
calcium	154
looping	204
regeneration	471
synthesize	219
cao	270
sorbent	427
uptake	286
pore	317
particle	1403
detect	286
ray	275
hypothesis	388
positively	188
climate_policy	411
leakage	307
cooperation	208
respective	212
solvent	363
thermoelectric	612
te	225
plate	542
merit	208
bi	253
elasticity	601
governance	382
conceptual	213
irradiance	264
correction	200
energy_storage	1482
awareness	260
fluctuation	548
cchp	224
compressed	243
genetic	336
solve	984
principle	572
mj	180
hydrogen_production	336
importantly	165
transformer	151
inject	248
separation	467
continuously	231
geographical	246
simulation_model	393
ambient	620
poverty	595
setting	351
sugarcane	222
engagement	191
voltage	1225
transform	376
pack	488
scientific	265
circulation	155
formulate	533
conclusion	732
biogas	977
biomethane	197
bioenergy	690
pair	199
economic_analysis	327
expander	275
justify	188
lithium	490
existence	298
promotion	392
monte	287
carlo	285
displacement	164
fatty_acid	234
ester	199
bioethanol	330
straw	353
integer	410
programming	381
finite	318
interconnect	152
collection	206
tonne	284
minimise	185
spatial	819
stress	376
environmentally	363
obvious	165
popular	210
acceptable	286
occupant	405
behaviour	938
practical	861
dh	261
firstly	437
secondly	226
complementary	185
matrix	303
stochastic	712
challenging	165
sustainable_development	493
dea	198
mathematical	646
directional	169
presence	666
condense	158
simultaneously	708
acoustic	170
dimensional	691
computational	819
piston	390
frequency	1011
relation	663
regenerator	182
carbon_capture_and_storage	240
supercritical	262
energy_requirements	298
inefficiency	177
dissociation	255
membrane	944
carbonation	169
oxy	301
inertia	177
humidity	300
deviation	377
fit	636
hvac	260
distribution_network	416
electrical_energy	300
paradigm	163
applicability	257
justice	283
responsibility	207
governmental	162
exhibit	734
quantitative	428
suggestion	251
coordinate	204
determination	228
auxiliary	218
mill	222
nexus	385
embody	502
emphasize	212
tackle	201
dependency	335
clarify	156
intermittent	396
vulnerability	180
thermally	156
convective	158
climatic	307
indoor	621
anode	462
cathode	419
ion	624
probability	458
li	190
probabilistic	270
eg	174
achievable	154
compromise	171
asymmetric	158
cointegration	218
causality	495
causal	210
cavity	194
lesson	223
heterogeneity	236
inform	292
varied	287
rational	163
business_model	240
exposure	168
society	443
carbon_footprint	221
indirect	569
agent	500
validation	381
quantitatively	221
decomposition	798
linkage	156
accurately	386
film	329
loading	510
simple	919
destruction	171
correct	224
motivate	187
willingness	316
iso	155
software	456
supply_chain	490
sized	187
vital	222
evs	526
ancillary	184
degradation	631
coordinated	157
water_consumption	167
static	286
identification	393
embed	252
thin	195
techno	408
decarbonisation	220
magnetic	193
synthesis	346
sem	190
ni	251
mg	263
reforming	173
velocity	709
injector	228
art	321
ramp	155
residential_building	353
dual	609
discrete	178
outperform	201
image	211
compensation	177
metering	240
attain	255
predictive	410
mpc	193
complexity	475
neural	528
disturbance	171
silica	181
enthalpy	218
isothermal	170
scan	227
coating	171
angle	602
domain	244
determined	194
excessive	178
inequality	173
village	184
porous	439
polymer	207
porosity	218
cycling	266
security_of_supply	155
turbulence	152
trip	163
manner	308
algal	208
deterministic	231
formulation	386
bau	161
logistic	155
occupancy	186
characterise	205
generalize	187
adaptive	392
proton	216
pemfc	305
candidate	274
impedance	154
substrate	289
centralized	190
background	182
ecosystem	164
ev	606
adsorbent	176
experimentally	581
desorption	207
cyclic	268
gaseous	201
moisture	277
recycle	196
recycling	207
black	163
fiber	206
spectroscopy	229
electrolyte	383
temporal	439
peer	173
benchmarke	185
entropy	157
artificial	310
copper	189
sofc	431
raw	246
adaptation	175
stack	599
microwave	170
irradiation	236
pretreatment	347
decompose	222
fermentation	321
completely	218
scheduling	418
linear_programming	299
syngas	618
gasifier	231
aspen	167
oxidation	405
kinetic	650
premixed	285
drawback	153
complement	181
economic_impact	174
stove	191
teg	358
converter	313
friendly	275
sludge	298
accumulation	178
simultaneous	332
bias	246
convection	296
relevance	201
search	334
evaporation	257
spray	428
equivalence	272
fuzzy	345
suitability	162
bound	161
dimension	506
actor	508
citizen	185
expose	160
uniform	402
shed	174
optimise	306
resilience	171
condenser	304
evaporator	320
hydrothermal	189
lignin	184
mixing	247
dsm	240
agenda	196
questionnaire	166
rice	182
interesting	259
variance	212
root	259
balancing	175
manure	159
electron	297
optical	404
height	397
microbial	231
mfc	184
redox	243
electrode	604
km	295
harvesting	351
selectivity	175
off	164
der	205
vector	311
granger	204
filter	340
soc	512
validity	152
charging	413
farmer	209
amine	306
aqueous	233
diffuse	171
decouple	182
easily	312
powertrain	240
oscillation	185
harvester	231
desalination	264
collector	748
flux	549
yearly	211
column	180
absorber	316
gradient	314
lignocellulosic	156
ph	195
preparation	155
melt	229
welfare	461
externality	237
trace	185
airflow	195
comfort	760
architecture	282
ga	152
min	301
pt	230
counter	153
sun	169
conditioning	313
wtp	210
hydrolysis	200
slurry	237
pond	154
anaerobic	401
digestion	419
sizing	235
fin	395
thermo	267
systematically	221
semi	356
batch	204
storage_capacity	261
econometric	188
pem	199
local_government	156
ng	202
coordination	234
flame	972
burner	247
lean	268
minimization	225
interface	243
wheat	158
frequently	196
upgrading	194
tracking	200
safe	200
sensor	357
diagnosis	153
torque	169
regenerative	188
climate_change_mitigation	207
concentrator	160
curtailment	285
node	231
training	226
volumetric	214
orientation	249
cost_of_energy	178
sound	173
re	626
score	153
layer	1089
minimal	215
sharing	201
bevs	152
butanol	213
thickness	366
expression	157
melting	288
electrolysis	282
fluidize	198
bubble	200
pareto	198
coupling	321
csp	393
culture	173
sodium	175
outdoor	329
renovation	156
fault	389
blade	238
reynold	164
vacuum	161
viscosity	209
prefer	161
motion	189
biochar	163
combustor	430
hc	197
vibration	189
imbalance	177
lcoe	191
clc	212
exploitation	281
rotor	192
scarcity	155
frontier	180
residence	181
decentralized	157
tidal	175
fulfil	154
concrete	204
defrost	155
frost	168
valuation	171
pitch	151
axis	190
slag	197
heuristic	154
droplet	206
digester	181
molten	296
borehole	270
nanofluid	196
usd	184
desiccant	260
dehumidification	154
sorption	194
prosumer	208
piezoelectric	188
ann	325
swirl	167
torrefaction	174
tes	417
